,Year,Make,Model,Price,Mileage,URL
0,2009,Honda,civic,6550,182000,https://www.facebook.com/marketplace/item/368812712680337/?ref=category_feed&referral_code=undefined&referral_story_type=listing&tracking=%7B%22qid%22%3A%22-2512171515749909296%22%2C%22mf_story_key%22%3A%227085950778120747%22%2C%22commerce_rank_obj%22%3A%22%7B%5C%22target_id%5C%22%3A7085950778120747%2C%5C%22target_type%5C%22%3A0%2C%5C%22primary_position%5C%22%3A0%2C%5C%22ranking_signature%5C%22%3A1634236653455485191%2C%5C%22commerce_channel%5C%22%3A504%2C%5C%22value%5C%22%3A0.0016868616523684%2C%5C%22candidate_retrieval_source_map%5C%22%3A%7B%5C%227085950778120747%5C%22%3A111%7D%7D%22%2C%22ftmd_400706%22%3A%22111112l%22%7D&__tn__=!%3AD
1,2006,Honda,civic,5500,215000,https://www.facebook.com/marketplace/item/1844463159357016/?ref=category_feed&referral_code=undefined&referral_story_type=listing&tracking=%7B%22qid%22%3A%22-2512171515749909296%22%2C%22mf_story_key%22%3A%227340577029296581%22%2C%22commerce_rank_obj%22%3A%22%7B%5C%22target_id%5C%22%3A7340577029296581%2C%5C%22target_type%5C%22%3A0%2C%5C%22primary_position%5C%22%3A1%2C%5C%22ranking_signature%5C%22%3A1634236653455485191%2C%5C%22commerce_channel%5C%22%3A504%2C%5C%22value%5C%22%3A0.0030489384874985%2C%5C%22candidate_retrieval_source_map%5C%22%3A%7B%5C%227340577029296581%5C%22%3A111%7D%7D%22%2C%22ftmd_400706%22%3A%22111112l%22%7D&__tn__=!%3AD
2,2006,Honda,civic,3500,221000,https://www.facebook.com/marketplace/item/411055388170174/?ref=category_feed&referral_code=undefined&referral_story_type=listing&tracking=%7B%22qid%22%3A%22-2512171515749909296%22%2C%22mf_story_key%22%3A%226849775551793985%22%2C%22commerce_rank_obj%22%3A%22%7B%5C%22target_id%5C%22%3A6849775551793985%2C%5C%22target_type%5C%22%3A0%2C%5C%22primary_position%5C%22%3A2%2C%5C%22ranking_signature%5C%22%3A1634236653455485191%2C%5C%22commerce_channel%5C%22%3A504%2C%5C%22value%5C%22%3A0.0040702341426585%2C%5C%22candidate_retrieval_source_map%5C%22%3A%7B%5C%226849775551793985%5C%22%3A111%7D%7D%22%2C%22ftmd_400706%22%3A%22111112l%22%7D&__tn__=!%3AD
3,2008,Honda,civic,4800,213000,https://www.facebook.com/marketplace/item/704542541851125/?ref=category_feed&referral_code=undefined&referral_story_type=listing&tracking=%7B%22qid%22%3A%22-2512171515749909296%22%2C%22mf_story_key%22%3A%227675754765790804%22%2C%22commerce_rank_obj%22%3A%22%7B%5C%22target_id%5C%22%3A7675754765790804%2C%5C%22target_type%5C%22%3A0%2C%5C%22primary_position%5C%22%3A3%2C%5C%22ranking_signature%5C%22%3A1634236653455485191%2C%5C%22commerce_channel%5C%22%3A504%2C%5C%22value%5C%22%3A0.0040717860558315%2C%5C%22candidate_retrieval_source_map%5C%22%3A%7B%5C%227675754765790804%5C%22%3A111%7D%7D%22%2C%22ftmd_400706%22%3A%22111112l%22%7D&__tn__=!%3AD
4,2006,Honda,civic,5995,201000,https://www.facebook.com/marketplace/item/231790349925151/?ref=category_feed&referral_code=undefined&referral_story_type=listing&tracking=%7B%22qid%22%3A%22-2512171515749909296%22%2C%22mf_story_key%22%3A%226685296658243091%22%2C%22commerce_rank_obj%22%3A%22%7B%5C%22target_id%5C%22%3A6685296658243091%2C%5C%22target_type%5C%22%3A0%2C%5C%22primary_position%5C%22%3A4%2C%5C%22ranking_signature%5C%22%3A1634236653455485191%2C%5C%22commerce_channel%5C%22%3A504%2C%5C%22value%5C%22%3A0.0020126106534026%2C%5C%22candidate_retrieval_source_map%5C%22%3A%7B%5C%226685296658243091%5C%22%3A111%7D%7D%22%2C%22ftmd_400706%22%3A%22111112l%22%7D&__tn__=!%3AD
5,2007,Honda,civic,5500,203000,https://www.facebook.com/marketplace/item/759965735709157/?ref=category_feed&referral_code=undefined&referral_story_type=listing&tracking=%7B%22qid%22%3A%22-2512171515749909296%22%2C%22mf_story_key%22%3A%226367801663323547%22%2C%22commerce_rank_obj%22%3A%22%7B%5C%22target_id%5C%22%3A6367801663323547%2C%5C%22target_type%5C%22%3A0%2C%5C%22primary_position%5C%22%3A5%2C%5C%22ranking_signature%5C%22%3A1634236653455485191%2C%5C%22commerce_channel%5C%22%3A504%2C%5C%22value%5C%22%3A0.0021198122304594%2C%5C%22candidate_retrieval_source_map%5C%22%3A%7B%5C%226367801663323547%5C%22%3A111%7D%7D%22%2C%22ftmd_400706%22%3A%22111112l%22%7D&__tn__=!%3AD
6,2010,Honda,civic,10999,96000,https://www.facebook.com/marketplace/item/389396237128044/?ref=category_feed&referral_code=undefined&referral_story_type=listing&tracking=%7B%22qid%22%3A%22-2512171515749909296%22%2C%22mf_story_key%22%3A%2225106173762330132%22%2C%22commerce_rank_obj%22%3A%22%7B%5C%22target_id%5C%22%3A25106173762330132%2C%5C%22target_type%5C%22%3A0%2C%5C%22primary_position%5C%22%3A7%2C%5C%22ranking_signature%5C%22%3A1634236653455485191%2C%5C%22commerce_channel%5C%22%3A504%2C%5C%22value%5C%22%3A0.0029663567613196%2C%5C%22candidate_retrieval_source_map%5C%22%3A%7B%5C%2225106173762330132%5C%22%3A111%7D%7D%22%2C%22ftmd_400706%22%3A%22111112l%22%7D&__tn__=!%3AD
7,2008,Honda,civic,6500,85000,https://www.facebook.com/marketplace/item/920038283162510/?ref=category_feed&referral_code=undefined&referral_story_type=listing&tracking=%7B%22qid%22%3A%22-2512171515749909296%22%2C%22mf_story_key%22%3A%227190024014376732%22%2C%22commerce_rank_obj%22%3A%22%7B%5C%22target_id%5C%22%3A7190024014376732%2C%5C%22target_type%5C%22%3A0%2C%5C%22primary_position%5C%22%3A8%2C%5C%22ranking_signature%5C%22%3A1634236653455485191%2C%5C%22commerce_channel%5C%22%3A504%2C%5C%22value%5C%22%3A0.0057429594082303%2C%5C%22candidate_retrieval_source_map%5C%22%3A%7B%5C%227190024014376732%5C%22%3A111%7D%7D%22%2C%22ftmd_400706%22%3A%22111112l%22%7D&__tn__=!%3AD
9,2009,Honda,civic,5000,260000,https://www.facebook.com/marketplace/item/1834015697042401/?ref=category_feed&referral_code=undefined&referral_story_type=listing&tracking=%7B%22qid%22%3A%22-2512171515749909296%22%2C%22mf_story_key%22%3A%227734865383198377%22%2C%22commerce_rank_obj%22%3A%22%7B%5C%22target_id%5C%22%3A7734865383198377%2C%5C%22target_type%5C%22%3A0%2C%5C%22primary_position%5C%22%3A10%2C%5C%22ranking_signature%5C%22%3A1634236653455485191%2C%5C%22commerce_channel%5C%22%3A504%2C%5C%22value%5C%22%3A0.0031950650837756%2C%5C%22candidate_retrieval_source_map%5C%22%3A%7B%5C%227734865383198377%5C%22%3A111%7D%7D%22%2C%22ftmd_400706%22%3A%22111112l%22%7D&__tn__=!%3AD
10,2009,Honda,civic,10000,130000,https://www.facebook.com/marketplace/item/244590241953545/?ref=category_feed&referral_code=undefined&referral_story_type=listing&tracking=%7B%22qid%22%3A%22-2512171515749909296%22%2C%22mf_story_key%22%3A%227358493957540823%22%2C%22commerce_rank_obj%22%3A%22%7B%5C%22target_id%5C%22%3A7358493957540823%2C%5C%22target_type%5C%22%3A0%2C%5C%22primary_position%5C%22%3A11%2C%5C%22ranking_signature%5C%22%3A1634236653455485191%2C%5C%22commerce_channel%5C%22%3A504%2C%5C%22value%5C%22%3A0.0032403878997054%2C%5C%22candidate_retrieval_source_map%5C%22%3A%7B%5C%227358493957540823%5C%22%3A111%7D%7D%22%2C%22ftmd_400706%22%3A%22111112l%22%7D&__tn__=!%3AD
11,2009,Honda,civic,6000,214000,https://www.facebook.com/marketplace/item/723164679942872/?ref=category_feed&referral_code=undefined&referral_story_type=listing&tracking=%7B%22qid%22%3A%22-2512171515749909296%22%2C%22mf_story_key%22%3A%2224795493956732420%22%2C%22commerce_rank_obj%22%3A%22%7B%5C%22target_id%5C%22%3A24795493956732420%2C%5C%22target_type%5C%22%3A0%2C%5C%22primary_position%5C%22%3A12%2C%5C%22ranking_signature%5C%22%3A1634236653455485191%2C%5C%22commerce_channel%5C%22%3A504%2C%5C%22value%5C%22%3A0.0028556271907156%2C%5C%22candidate_retrieval_source_map%5C%22%3A%7B%5C%2224795493956732420%5C%22%3A111%7D%7D%22%2C%22ftmd_400706%22%3A%22111112l%22%7D&__tn__=!%3AD
12,2008,Honda,civic,6000,267000,https://www.facebook.com/marketplace/item/1731140670726866/?ref=category_feed&referral_code=undefined&referral_story_type=listing&tracking=%7B%22qid%22%3A%22-2512171515749909296%22%2C%22mf_story_key%22%3A%227418535174874101%22%2C%22commerce_rank_obj%22%3A%22%7B%5C%22target_id%5C%22%3A7418535174874101%2C%5C%22target_type%5C%22%3A0%2C%5C%22primary_position%5C%22%3A13%2C%5C%22ranking_signature%5C%22%3A1634236653455485191%2C%5C%22commerce_channel%5C%22%3A504%2C%5C%22value%5C%22%3A0.0020079677218537%2C%5C%22candidate_retrieval_source_map%5C%22%3A%7B%5C%227418535174874101%5C%22%3A111%7D%7D%22%2C%22ftmd_400706%22%3A%22111112l%22%7D&__tn__=!%3AD
13,2009,Honda,civic,6700,205000,https://www.facebook.com/marketplace/item/358305393736293/?ref=category_feed&referral_code=undefined&referral_story_type=listing&tracking=%7B%22qid%22%3A%22-2512171515749909296%22%2C%22mf_story_key%22%3A%227549640215066233%22%2C%22commerce_rank_obj%22%3A%22%7B%5C%22target_id%5C%22%3A7549640215066233%2C%5C%22target_type%5C%22%3A0%2C%5C%22primary_position%5C%22%3A14%2C%5C%22ranking_signature%5C%22%3A1634236653455485191%2C%5C%22commerce_channel%5C%22%3A504%2C%5C%22value%5C%22%3A0.0026584038921837%2C%5C%22candidate_retrieval_source_map%5C%22%3A%7B%5C%227549640215066233%5C%22%3A111%7D%7D%22%2C%22ftmd_400706%22%3A%22111112l%22%7D&__tn__=!%3AD
14,2007,Honda,civic,5999,170000,https://www.facebook.com/marketplace/item/869696195170076/?ref=category_feed&referral_code=undefined&referral_story_type=listing&tracking=%7B%22qid%22%3A%22-2512171515749909296%22%2C%22mf_story_key%22%3A%227008263159295562%22%2C%22commerce_rank_obj%22%3A%22%7B%5C%22target_id%5C%22%3A7008263159295562%2C%5C%22target_type%5C%22%3A0%2C%5C%22primary_position%5C%22%3A15%2C%5C%22ranking_signature%5C%22%3A1634236653455485191%2C%5C%22commerce_channel%5C%22%3A504%2C%5C%22value%5C%22%3A0.0040717840558315%2C%5C%22candidate_retrieval_source_map%5C%22%3A%7B%5C%227008263159295562%5C%22%3A111%7D%7D%22%2C%22ftmd_400706%22%3A%22111112l%22%7D&__tn__=!%3AD
15,2007,Honda,civic,2800,270000,https://www.facebook.com/marketplace/item/716794813919314/?ref=category_feed&referral_code=undefined&referral_story_type=listing&tracking=%7B%22qid%22%3A%22-2512171515749909296%22%2C%22mf_story_key%22%3A%227939205009429371%22%2C%22commerce_rank_obj%22%3A%22%7B%5C%22target_id%5C%22%3A7939205009429371%2C%5C%22target_type%5C%22%3A0%2C%5C%22primary_position%5C%22%3A16%2C%5C%22ranking_signature%5C%22%3A1634236653455485191%2C%5C%22commerce_channel%5C%22%3A504%2C%5C%22value%5C%22%3A0.0055578127803232%2C%5C%22candidate_retrieval_source_map%5C%22%3A%7B%5C%227939205009429371%5C%22%3A111%7D%7D%22%2C%22ftmd_400706%22%3A%22111112l%22%7D&__tn__=!%3AD
16,2009,Honda,civic,4950,240000,https://www.facebook.com/marketplace/item/806464218166008/?ref=category_feed&referral_code=undefined&referral_story_type=listing&tracking=%7B%22qid%22%3A%22-2512171515749909296%22%2C%22mf_story_key%22%3A%227840729605991686%22%2C%22commerce_rank_obj%22%3A%22%7B%5C%22target_id%5C%22%3A7840729605991686%2C%5C%22target_type%5C%22%3A0%2C%5C%22primary_position%5C%22%3A17%2C%5C%22ranking_signature%5C%22%3A1634236653455485191%2C%5C%22commerce_channel%5C%22%3A504%2C%5C%22value%5C%22%3A0.002443545513005%2C%5C%22candidate_retrieval_source_map%5C%22%3A%7B%5C%227840729605991686%5C%22%3A111%7D%7D%22%2C%22ftmd_400706%22%3A%22111112l%22%7D&__tn__=!%3AD
17,2007,Honda,civic,3000,238000,https://www.facebook.com/marketplace/item/927520495430221/?ref=category_feed&referral_code=undefined&referral_story_type=listing&tracking=%7B%22qid%22%3A%22-2512171515749909296%22%2C%22mf_story_key%22%3A%227878862078796947%22%2C%22commerce_rank_obj%22%3A%22%7B%5C%22target_id%5C%22%3A7878862078796947%2C%5C%22target_type%5C%22%3A0%2C%5C%22primary_position%5C%22%3A18%2C%5C%22ranking_signature%5C%22%3A1634236653455485191%2C%5C%22commerce_channel%5C%22%3A504%2C%5C%22value%5C%22%3A0.0057429609082303%2C%5C%22candidate_retrieval_source_map%5C%22%3A%7B%5C%227878862078796947%5C%22%3A111%7D%7D%22%2C%22ftmd_400706%22%3A%22111112l%22%7D&__tn__=!%3AD
18,2008,Honda,civic,4950,228000,https://www.facebook.com/marketplace/item/1362820261031835/?ref=category_feed&referral_code=undefined&referral_story_type=listing&tracking=%7B%22qid%22%3A%22-2512171515749909296%22%2C%22mf_story_key%22%3A%227058366787550710%22%2C%22commerce_rank_obj%22%3A%22%7B%5C%22target_id%5C%22%3A7058366787550710%2C%5C%22target_type%5C%22%3A0%2C%5C%22primary_position%5C%22%3A19%2C%5C%22ranking_signature%5C%22%3A1634236653455485191%2C%5C%22commerce_channel%5C%22%3A504%2C%5C%22value%5C%22%3A0.0033150685970668%2C%5C%22candidate_retrieval_source_map%5C%22%3A%7B%5C%227058366787550710%5C%22%3A111%7D%7D%22%2C%22ftmd_400706%22%3A%22111112l%22%7D&__tn__=!%3AD
19,2006,Honda,civic,5600,188000,https://www.facebook.com/marketplace/item/289527730812532/?ref=category_feed&referral_code=undefined&referral_story_type=listing&tracking=%7B%22qid%22%3A%22-2512171515749909296%22%2C%22mf_story_key%22%3A%2224666268473018790%22%2C%22commerce_rank_obj%22%3A%22%7B%5C%22target_id%5C%22%3A24666268473018790%2C%5C%22target_type%5C%22%3A0%2C%5C%22primary_position%5C%22%3A20%2C%5C%22ranking_signature%5C%22%3A1634236653455485191%2C%5C%22commerce_channel%5C%22%3A504%2C%5C%22value%5C%22%3A0.0035759564283742%2C%5C%22candidate_retrieval_source_map%5C%22%3A%7B%5C%2224666268473018790%5C%22%3A111%7D%7D%22%2C%22ftmd_400706%22%3A%22111112l%22%7D&__tn__=!%3AD
21,2007,Honda,civic,1700,300000,https://www.facebook.com/marketplace/item/404143162024849/?ref=category_feed&referral_code=undefined&referral_story_type=listing&tracking=%7B%22qid%22%3A%22-2512171515749909296%22%2C%22mf_story_key%22%3A%227124847404264477%22%2C%22commerce_rank_obj%22%3A%22%7B%5C%22target_id%5C%22%3A7124847404264477%2C%5C%22target_type%5C%22%3A0%2C%5C%22primary_position%5C%22%3A22%2C%5C%22ranking_signature%5C%22%3A1634236653455485191%2C%5C%22commerce_channel%5C%22%3A504%2C%5C%22value%5C%22%3A0.0038870898978108%2C%5C%22candidate_retrieval_source_map%5C%22%3A%7B%5C%227124847404264477%5C%22%3A111%7D%7D%22%2C%22ftmd_400706%22%3A%22111112l%22%7D&__tn__=!%3AD
22,2009,Honda,civic,5500,270000,https://www.facebook.com/marketplace/item/950744329792069/?ref=category_feed&referral_code=undefined&referral_story_type=listing&tracking=%7B%22qid%22%3A%22-2512171515749909296%22%2C%22mf_story_key%22%3A%227005578546207800%22%2C%22commerce_rank_obj%22%3A%22%7B%5C%22target_id%5C%22%3A7005578546207800%2C%5C%22target_type%5C%22%3A0%2C%5C%22primary_position%5C%22%3A23%2C%5C%22ranking_signature%5C%22%3A1634236653455485191%2C%5C%22commerce_channel%5C%22%3A504%2C%5C%22value%5C%22%3A0.0025269104876193%2C%5C%22candidate_retrieval_source_map%5C%22%3A%7B%5C%227005578546207800%5C%22%3A111%7D%7D%22%2C%22ftmd_400706%22%3A%22111112l%22%7D&__tn__=!%3AD
23,2007,Honda,civic,6200,197000,https://www.facebook.com/marketplace/item/940185367031204/?ref=category_feed&referral_code=undefined&referral_story_type=listing&tracking=%7B%22qid%22%3A%22-2512171515749909296%22%2C%22mf_story_key%22%3A%225471083039682309%22%2C%22commerce_rank_obj%22%3A%22%7B%5C%22target_id%5C%22%3A5471083039682309%2C%5C%22target_type%5C%22%3A0%2C%5C%22primary_position%5C%22%3A24%2C%5C%22ranking_signature%5C%22%3A1634236653455485191%2C%5C%22commerce_channel%5C%22%3A504%2C%5C%22value%5C%22%3A0.0031456114853564%2C%5C%22candidate_retrieval_source_map%5C%22%3A%7B%5C%225471083039682309%5C%22%3A111%7D%7D%22%2C%22ftmd_400706%22%3A%22111112l%22%7D&__tn__=!%3AD
24,2006,Honda,civic,2199,206000,https://www.facebook.com/marketplace/item/2717040178448781/?ref=category_feed&referral_code=undefined&referral_story_type=listing&tracking=%7B%22qid%22%3A%22-2512171171982372100%22%2C%22mf_story_key%22%3A%227304977409560499%22%2C%22commerce_rank_obj%22%3A%22%7B%5C%22target_id%5C%22%3A7304977409560499%2C%5C%22target_type%5C%22%3A0%2C%5C%22primary_position%5C%22%3A25%2C%5C%22ranking_signature%5C%22%3A1634236653455485191%2C%5C%22commerce_channel%5C%22%3A504%2C%5C%22value%5C%22%3A0.0026039968031663%2C%5C%22candidate_retrieval_source_map%5C%22%3A%7B%5C%227304977409560499%5C%22%3A111%7D%7D%22%2C%22ftmd_400706%22%3A%22111112l%22%7D&__tn__=!%3AD
25,2009,Honda,civic,4000,285000,https://www.facebook.com/marketplace/item/1110419399959792/?ref=category_feed&referral_code=undefined&referral_story_type=listing&tracking=%7B%22qid%22%3A%22-2512171171982372100%22%2C%22mf_story_key%22%3A%227349313155156312%22%2C%22commerce_rank_obj%22%3A%22%7B%5C%22target_id%5C%22%3A7349313155156312%2C%5C%22target_type%5C%22%3A0%2C%5C%22primary_position%5C%22%3A26%2C%5C%22ranking_signature%5C%22%3A1634236653455485191%2C%5C%22commerce_channel%5C%22%3A504%2C%5C%22value%5C%22%3A0.0040717900558315%2C%5C%22candidate_retrieval_source_map%5C%22%3A%7B%5C%227349313155156312%5C%22%3A111%7D%7D%22%2C%22ftmd_400706%22%3A%22111112l%22%7D&__tn__=!%3AD
26,2007,Honda,civic,7600,140000,https://www.facebook.com/marketplace/item/410471038061550/?ref=category_feed&referral_code=undefined&referral_story_type=listing&tracking=%7B%22qid%22%3A%22-2512171171982372100%22%2C%22mf_story_key%22%3A%227274506615975935%22%2C%22commerce_rank_obj%22%3A%22%7B%5C%22target_id%5C%22%3A7274506615975935%2C%5C%22target_type%5C%22%3A0%2C%5C%22primary_position%5C%22%3A27%2C%5C%22ranking_signature%5C%22%3A1634236653455485191%2C%5C%22commerce_channel%5C%22%3A504%2C%5C%22value%5C%22%3A0.0029495519311937%2C%5C%22candidate_retrieval_source_map%5C%22%3A%7B%5C%227274506615975935%5C%22%3A111%7D%7D%22%2C%22ftmd_400706%22%3A%22111112l%22%7D&__tn__=!%3AD
27,2010,Honda,civic,6500,217000,https://www.facebook.com/marketplace/item/382624987741653/?ref=category_feed&referral_code=undefined&referral_story_type=listing&tracking=%7B%22qid%22%3A%22-2512171171982372100%22%2C%22mf_story_key%22%3A%227821958354485034%22%2C%22commerce_rank_obj%22%3A%22%7B%5C%22target_id%5C%22%3A7821958354485034%2C%5C%22target_type%5C%22%3A0%2C%5C%22primary_position%5C%22%3A28%2C%5C%22ranking_signature%5C%22%3A1634236653455485191%2C%5C%22commerce_channel%5C%22%3A504%2C%5C%22value%5C%22%3A0.0018677825381856%2C%5C%22candidate_retrieval_source_map%5C%22%3A%7B%5C%227821958354485034%5C%22%3A111%7D%7D%22%2C%22ftmd_400706%22%3A%22111112l%22%7D&__tn__=!%3AD
28,2009,Honda,civic,4999,235000,https://www.facebook.com/marketplace/item/398127572797718/?ref=category_feed&referral_code=undefined&referral_story_type=listing&tracking=%7B%22qid%22%3A%22-2512171171982372100%22%2C%22mf_story_key%22%3A%2225111024435162766%22%2C%22commerce_rank_obj%22%3A%22%7B%5C%22target_id%5C%22%3A25111024435162766%2C%5C%22target_type%5C%22%3A0%2C%5C%22primary_position%5C%22%3A29%2C%5C%22ranking_signature%5C%22%3A1634236653455485191%2C%5C%22commerce_channel%5C%22%3A504%2C%5C%22value%5C%22%3A0.0038332854396578%2C%5C%22candidate_retrieval_source_map%5C%22%3A%7B%5C%2225111024435162766%5C%22%3A111%7D%7D%22%2C%22ftmd_400706%22%3A%22111112l%22%7D&__tn__=!%3AD
29,2008,Honda,civic,5999,264000,https://www.facebook.com/marketplace/item/1096540884825787/?ref=category_feed&referral_code=undefined&referral_story_type=listing&tracking=%7B%22qid%22%3A%22-2512171171982372100%22%2C%22mf_story_key%22%3A%227892294897466400%22%2C%22commerce_rank_obj%22%3A%22%7B%5C%22target_id%5C%22%3A7892294897466400%2C%5C%22target_type%5C%22%3A0%2C%5C%22primary_position%5C%22%3A30%2C%5C%22ranking_signature%5C%22%3A1634236653455485191%2C%5C%22commerce_channel%5C%22%3A504%2C%5C%22value%5C%22%3A0.0018965194772676%2C%5C%22candidate_retrieval_source_map%5C%22%3A%7B%5C%227892294897466400%5C%22%3A111%7D%7D%22%2C%22ftmd_400706%22%3A%22111112l%22%7D&__tn__=!%3AD
30,2010,Honda,civic,5700,235000,https://www.facebook.com/marketplace/item/943530983808810/?ref=category_feed&referral_code=undefined&referral_story_type=listing&tracking=%7B%22qid%22%3A%22-2512171171982372100%22%2C%22mf_story_key%22%3A%2224761234386855913%22%2C%22commerce_rank_obj%22%3A%22%7B%5C%22target_id%5C%22%3A24761234386855913%2C%5C%22target_type%5C%22%3A0%2C%5C%22primary_position%5C%22%3A31%2C%5C%22ranking_signature%5C%22%3A1634236653455485191%2C%5C%22commerce_channel%5C%22%3A504%2C%5C%22value%5C%22%3A0.0019739758099727%2C%5C%22candidate_retrieval_source_map%5C%22%3A%7B%5C%2224761234386855913%5C%22%3A111%7D%7D%22%2C%22ftmd_400706%22%3A%22111112l%22%7D&__tn__=!%3AD
31,2008,Honda,civic,4200,270000,https://www.facebook.com/marketplace/item/253521291124477/?ref=category_feed&referral_code=undefined&referral_story_type=listing&tracking=%7B%22qid%22%3A%22-2512171171982372100%22%2C%22mf_story_key%22%3A%2224652934124350042%22%2C%22commerce_rank_obj%22%3A%22%7B%5C%22target_id%5C%22%3A24652934124350042%2C%5C%22target_type%5C%22%3A0%2C%5C%22primary_position%5C%22%3A32%2C%5C%22ranking_signature%5C%22%3A1634236653455485191%2C%5C%22commerce_channel%5C%22%3A504%2C%5C%22value%5C%22%3A0.0031983933108628%2C%5C%22candidate_retrieval_source_map%5C%22%3A%7B%5C%2224652934124350042%5C%22%3A111%7D%7D%22%2C%22ftmd_400706%22%3A%22111112l%22%7D&__tn__=!%3AD
32,2007,Honda,civic,4500,225000,https://www.facebook.com/marketplace/item/1541516816625904/?ref=category_feed&referral_code=undefined&referral_story_type=listing&tracking=%7B%22qid%22%3A%22-2512171171982372100%22%2C%22mf_story_key%22%3A%227125473097573261%22%2C%22commerce_rank_obj%22%3A%22%7B%5C%22target_id%5C%22%3A7125473097573261%2C%5C%22target_type%5C%22%3A0%2C%5C%22primary_position%5C%22%3A33%2C%5C%22ranking_signature%5C%22%3A1634236653455485191%2C%5C%22commerce_channel%5C%22%3A504%2C%5C%22value%5C%22%3A0.002180304196693%2C%5C%22candidate_retrieval_source_map%5C%22%3A%7B%5C%227125473097573261%5C%22%3A111%7D%7D%22%2C%22ftmd_400706%22%3A%22111112l%22%7D&__tn__=!%3AD
33,2006,Honda,civic,5000,225000,https://www.facebook.com/marketplace/item/380588538019839/?ref=category_feed&referral_code=undefined&referral_story_type=listing&tracking=%7B%22qid%22%3A%22-2512171171982372100%22%2C%22mf_story_key%22%3A%227311537538913815%22%2C%22commerce_rank_obj%22%3A%22%7B%5C%22target_id%5C%22%3A7311537538913815%2C%5C%22target_type%5C%22%3A0%2C%5C%22primary_position%5C%22%3A34%2C%5C%22ranking_signature%5C%22%3A1634236653455485191%2C%5C%22commerce_channel%5C%22%3A504%2C%5C%22value%5C%22%3A0.0023503322668354%2C%5C%22candidate_retrieval_source_map%5C%22%3A%7B%5C%227311537538913815%5C%22%3A111%7D%7D%22%2C%22ftmd_400706%22%3A%22111112l%22%7D&__tn__=!%3AD
34,2008,Honda,civic,7995,120000,https://www.facebook.com/marketplace/item/301047536289667/?ref=category_feed&referral_code=undefined&referral_story_type=listing&tracking=%7B%22qid%22%3A%22-2512171172137780531%22%2C%22mf_story_key%22%3A%227194257990665346%22%2C%22commerce_rank_obj%22%3A%22%7B%5C%22target_id%5C%22%3A7194257990665346%2C%5C%22target_type%5C%22%3A0%2C%5C%22primary_position%5C%22%3A35%2C%5C%22ranking_signature%5C%22%3A1634236653455485191%2C%5C%22commerce_channel%5C%22%3A504%2C%5C%22value%5C%22%3A0.0027831110026498%2C%5C%22candidate_retrieval_source_map%5C%22%3A%7B%5C%227194257990665346%5C%22%3A111%7D%7D%22%2C%22ftmd_400706%22%3A%22111112l%22%7D&__tn__=!%3AD
35,2009,Honda,civic,7200,182000,https://www.facebook.com/marketplace/item/3472863479692216/?ref=category_feed&referral_code=undefined&referral_story_type=listing&tracking=%7B%22qid%22%3A%22-2512171172137780531%22%2C%22mf_story_key%22%3A%227311876625525382%22%2C%22commerce_rank_obj%22%3A%22%7B%5C%22target_id%5C%22%3A7311876625525382%2C%5C%22target_type%5C%22%3A0%2C%5C%22primary_position%5C%22%3A36%2C%5C%22ranking_signature%5C%22%3A1634236653455485191%2C%5C%22commerce_channel%5C%22%3A504%2C%5C%22value%5C%22%3A0.0018837719936839%2C%5C%22candidate_retrieval_source_map%5C%22%3A%7B%5C%227311876625525382%5C%22%3A111%7D%7D%22%2C%22ftmd_400706%22%3A%22111112l%22%7D&__tn__=!%3AD
36,2007,Honda,civic,3100,297000,https://www.facebook.com/marketplace/item/933838241419210/?ref=category_feed&referral_code=undefined&referral_story_type=listing&tracking=%7B%22qid%22%3A%22-2512171172137780531%22%2C%22mf_story_key%22%3A%227242744812439825%22%2C%22commerce_rank_obj%22%3A%22%7B%5C%22target_id%5C%22%3A7242744812439825%2C%5C%22target_type%5C%22%3A0%2C%5C%22primary_position%5C%22%3A37%2C%5C%22ranking_signature%5C%22%3A1634236653455485191%2C%5C%22commerce_channel%5C%22%3A504%2C%5C%22value%5C%22%3A0.0026588000481368%2C%5C%22candidate_retrieval_source_map%5C%22%3A%7B%5C%227242744812439825%5C%22%3A111%7D%7D%22%2C%22ftmd_400706%22%3A%22111112l%22%7D&__tn__=!%3AD
37,2006,Honda,civic,4690,241000,https://www.facebook.com/marketplace/item/3452622595047957/?ref=category_feed&referral_code=undefined&referral_story_type=listing&tracking=%7B%22qid%22%3A%22-2512171172137780531%22%2C%22mf_story_key%22%3A%227516028201824770%22%2C%22commerce_rank_obj%22%3A%22%7B%5C%22target_id%5C%22%3A7516028201824770%2C%5C%22target_type%5C%22%3A0%2C%5C%22primary_position%5C%22%3A38%2C%5C%22ranking_signature%5C%22%3A1634236653455485191%2C%5C%22commerce_channel%5C%22%3A504%2C%5C%22value%5C%22%3A0.0017313182682256%2C%5C%22candidate_retrieval_source_map%5C%22%3A%7B%5C%227516028201824770%5C%22%3A111%7D%7D%22%2C%22ftmd_400706%22%3A%22111112l%22%7D&__tn__=!%3AD
38,2009,Honda,civic,5000,307000,https://www.facebook.com/marketplace/item/354965927491969/?ref=category_feed&referral_code=undefined&referral_story_type=listing&tracking=%7B%22qid%22%3A%22-2512171172137780531%22%2C%22mf_story_key%22%3A%227164841110249654%22%2C%22commerce_rank_obj%22%3A%22%7B%5C%22target_id%5C%22%3A7164841110249654%2C%5C%22target_type%5C%22%3A0%2C%5C%22primary_position%5C%22%3A39%2C%5C%22ranking_signature%5C%22%3A1634236653455485191%2C%5C%22commerce_channel%5C%22%3A504%2C%5C%22value%5C%22%3A0.0019367264829416%2C%5C%22candidate_retrieval_source_map%5C%22%3A%7B%5C%227164841110249654%5C%22%3A111%7D%7D%22%2C%22ftmd_400706%22%3A%22111112l%22%7D&__tn__=!%3AD
39,2010,Honda,civic,5500,185000,https://www.facebook.com/marketplace/item/775455644427362/?ref=category_feed&referral_code=undefined&referral_story_type=listing&tracking=%7B%22qid%22%3A%22-2512171172137780531%22%2C%22mf_story_key%22%3A%2224875448395435620%22%2C%22commerce_rank_obj%22%3A%22%7B%5C%22target_id%5C%22%3A24875448395435620%2C%5C%22target_type%5C%22%3A0%2C%5C%22primary_position%5C%22%3A40%2C%5C%22ranking_signature%5C%22%3A1634236653455485191%2C%5C%22commerce_channel%5C%22%3A504%2C%5C%22value%5C%22%3A0.0057429614082303%2C%5C%22candidate_retrieval_source_map%5C%22%3A%7B%5C%2224875448395435620%5C%22%3A111%7D%7D%22%2C%22ftmd_400706%22%3A%22111112l%22%7D&__tn__=!%3AD
40,2008,Honda,civic,6495,275000,https://www.facebook.com/marketplace/item/722859726613484/?ref=category_feed&referral_code=undefined&referral_story_type=listing&tracking=%7B%22qid%22%3A%22-2512171172137780531%22%2C%22mf_story_key%22%3A%227113855995363122%22%2C%22commerce_rank_obj%22%3A%22%7B%5C%22target_id%5C%22%3A7113855995363122%2C%5C%22target_type%5C%22%3A0%2C%5C%22primary_position%5C%22%3A41%2C%5C%22ranking_signature%5C%22%3A1634236653455485191%2C%5C%22commerce_channel%5C%22%3A504%2C%5C%22value%5C%22%3A0.0030377601309304%2C%5C%22candidate_retrieval_source_map%5C%22%3A%7B%5C%227113855995363122%5C%22%3A111%7D%7D%22%2C%22ftmd_400706%22%3A%22111112l%22%7D&__tn__=!%3AD
41,2008,Honda,civic,6500,260000,https://www.facebook.com/marketplace/item/768963615149956/?ref=category_feed&referral_code=undefined&referral_story_type=listing&tracking=%7B%22qid%22%3A%22-2512171172137780531%22%2C%22mf_story_key%22%3A%227286017604808803%22%2C%22commerce_rank_obj%22%3A%22%7B%5C%22target_id%5C%22%3A7286017604808803%2C%5C%22target_type%5C%22%3A0%2C%5C%22primary_position%5C%22%3A42%2C%5C%22ranking_signature%5C%22%3A1634236653455485191%2C%5C%22commerce_channel%5C%22%3A504%2C%5C%22value%5C%22%3A0.0057429599082303%2C%5C%22candidate_retrieval_source_map%5C%22%3A%7B%5C%227286017604808803%5C%22%3A111%7D%7D%22%2C%22ftmd_400706%22%3A%22111112l%22%7D&__tn__=!%3AD
43,2010,Honda,civic,8995,114000,https://www.facebook.com/marketplace/item/916561916370699/?ref=category_feed&referral_code=undefined&referral_story_type=listing&tracking=%7B%22qid%22%3A%22-2512171172137780531%22%2C%22mf_story_key%22%3A%227459851277393583%22%2C%22commerce_rank_obj%22%3A%22%7B%5C%22target_id%5C%22%3A7459851277393583%2C%5C%22target_type%5C%22%3A0%2C%5C%22primary_position%5C%22%3A44%2C%5C%22ranking_signature%5C%22%3A1634236653455485191%2C%5C%22commerce_channel%5C%22%3A504%2C%5C%22value%5C%22%3A0.0040717930558315%2C%5C%22candidate_retrieval_source_map%5C%22%3A%7B%5C%227459851277393583%5C%22%3A111%7D%7D%22%2C%22ftmd_400706%22%3A%22111112l%22%7D&__tn__=!%3AD
44,2006,Honda,civic,3000,267000,https://www.facebook.com/marketplace/item/366790159464146/?ref=category_feed&referral_code=undefined&referral_story_type=listing&tracking=%7B%22qid%22%3A%22-2512171103327525019%22%2C%22mf_story_key%22%3A%227086706904759657%22%2C%22commerce_rank_obj%22%3A%22%7B%5C%22target_id%5C%22%3A7086706904759657%2C%5C%22target_type%5C%22%3A0%2C%5C%22primary_position%5C%22%3A45%2C%5C%22ranking_signature%5C%22%3A1634236653455485191%2C%5C%22commerce_channel%5C%22%3A504%2C%5C%22value%5C%22%3A0.0040717920558315%2C%5C%22candidate_retrieval_source_map%5C%22%3A%7B%5C%227086706904759657%5C%22%3A111%7D%7D%22%2C%22ftmd_400706%22%3A%22111112l%22%7D&__tn__=!%3AD
45,2006,Honda,civic,3800,298000,https://www.facebook.com/marketplace/item/744596690960295/?ref=category_feed&referral_code=undefined&referral_story_type=listing&tracking=%7B%22qid%22%3A%22-2512171103327525019%22%2C%22mf_story_key%22%3A%227005676976147855%22%2C%22commerce_rank_obj%22%3A%22%7B%5C%22target_id%5C%22%3A7005676976147855%2C%5C%22target_type%5C%22%3A0%2C%5C%22primary_position%5C%22%3A46%2C%5C%22ranking_signature%5C%22%3A1634236653455485191%2C%5C%22commerce_channel%5C%22%3A504%2C%5C%22value%5C%22%3A0.0024337017508336%2C%5C%22candidate_retrieval_source_map%5C%22%3A%7B%5C%227005676976147855%5C%22%3A111%7D%7D%22%2C%22ftmd_400706%22%3A%22111112l%22%7D&__tn__=!%3AD
46,2010,Honda,civic,7000,245000,https://www.facebook.com/marketplace/item/7518966421470485/?ref=category_feed&referral_code=undefined&referral_story_type=listing&tracking=%7B%22qid%22%3A%22-2512171103327525019%22%2C%22mf_story_key%22%3A%227060145504033357%22%2C%22commerce_rank_obj%22%3A%22%7B%5C%22target_id%5C%22%3A7060145504033357%2C%5C%22target_type%5C%22%3A0%2C%5C%22primary_position%5C%22%3A47%2C%5C%22ranking_signature%5C%22%3A1634236653455485191%2C%5C%22commerce_channel%5C%22%3A504%2C%5C%22value%5C%22%3A0.001647449078824%2C%5C%22candidate_retrieval_source_map%5C%22%3A%7B%5C%227060145504033357%5C%22%3A111%7D%7D%22%2C%22ftmd_400706%22%3A%22111112l%22%7D&__tn__=!%3AD
47,2006,Honda,civic,4950,259000,https://www.facebook.com/marketplace/item/1452951325578794/?ref=category_feed&referral_code=undefined&referral_story_type=listing&tracking=%7B%22qid%22%3A%22-2512171103327525019%22%2C%22mf_story_key%22%3A%227039828849468521%22%2C%22commerce_rank_obj%22%3A%22%7B%5C%22target_id%5C%22%3A7039828849468521%2C%5C%22target_type%5C%22%3A0%2C%5C%22primary_position%5C%22%3A48%2C%5C%22ranking_signature%5C%22%3A1634236653455485191%2C%5C%22commerce_channel%5C%22%3A504%2C%5C%22value%5C%22%3A0.0027033476796473%2C%5C%22candidate_retrieval_source_map%5C%22%3A%7B%5C%227039828849468521%5C%22%3A111%7D%7D%22%2C%22ftmd_400706%22%3A%22111112l%22%7D&__tn__=!%3AD
48,2007,Honda,civic,4000,230000,https://www.facebook.com/marketplace/item/1830531560729965/?ref=category_feed&referral_code=undefined&referral_story_type=listing&tracking=%7B%22qid%22%3A%22-2512171103327525019%22%2C%22mf_story_key%22%3A%226998350110283764%22%2C%22commerce_rank_obj%22%3A%22%7B%5C%22target_id%5C%22%3A6998350110283764%2C%5C%22target_type%5C%22%3A0%2C%5C%22primary_position%5C%22%3A49%2C%5C%22ranking_signature%5C%22%3A1634236653455485191%2C%5C%22commerce_channel%5C%22%3A504%2C%5C%22value%5C%22%3A0.0034987254844421%2C%5C%22candidate_retrieval_source_map%5C%22%3A%7B%5C%226998350110283764%5C%22%3A111%7D%7D%22%2C%22ftmd_400706%22%3A%22111112l%22%7D&__tn__=!%3AD
49,2010,Honda,civic,8999,158000,https://www.facebook.com/marketplace/item/1141460793685748/?ref=category_feed&referral_code=undefined&referral_story_type=listing&tracking=%7B%22qid%22%3A%22-2512171103327525019%22%2C%22mf_story_key%22%3A%227526511540693663%22%2C%22commerce_rank_obj%22%3A%22%7B%5C%22target_id%5C%22%3A7526511540693663%2C%5C%22target_type%5C%22%3A0%2C%5C%22primary_position%5C%22%3A50%2C%5C%22ranking_signature%5C%22%3A1634236653455485191%2C%5C%22commerce_channel%5C%22%3A504%2C%5C%22value%5C%22%3A0.001618831680232%2C%5C%22candidate_retrieval_source_map%5C%22%3A%7B%5C%227526511540693663%5C%22%3A111%7D%7D%22%2C%22ftmd_400706%22%3A%22111112l%22%7D&__tn__=!%3AD
50,2008,Honda,civic,2500,304000,https://www.facebook.com/marketplace/item/408002081574336/?ref=category_feed&referral_code=undefined&referral_story_type=listing&tracking=%7B%22qid%22%3A%22-2512171103327525019%22%2C%22mf_story_key%22%3A%227479495448801281%22%2C%22commerce_rank_obj%22%3A%22%7B%5C%22target_id%5C%22%3A7479495448801281%2C%5C%22target_type%5C%22%3A0%2C%5C%22primary_position%5C%22%3A51%2C%5C%22ranking_signature%5C%22%3A1634236653455485191%2C%5C%22commerce_channel%5C%22%3A504%2C%5C%22value%5C%22%3A0.0040717910558315%2C%5C%22candidate_retrieval_source_map%5C%22%3A%7B%5C%227479495448801281%5C%22%3A111%7D%7D%22%2C%22ftmd_400706%22%3A%22111112l%22%7D&__tn__=!%3AD
51,2007,Honda,civic,7500,167000,https://www.facebook.com/marketplace/item/2770731569742216/?ref=category_feed&referral_code=undefined&referral_story_type=listing&tracking=%7B%22qid%22%3A%22-2512171103327525019%22%2C%22mf_story_key%22%3A%226987288264695354%22%2C%22commerce_rank_obj%22%3A%22%7B%5C%22target_id%5C%22%3A6987288264695354%2C%5C%22target_type%5C%22%3A0%2C%5C%22primary_position%5C%22%3A52%2C%5C%22ranking_signature%5C%22%3A1634236653455485191%2C%5C%22commerce_channel%5C%22%3A504%2C%5C%22value%5C%22%3A0.0036426576137949%2C%5C%22candidate_retrieval_source_map%5C%22%3A%7B%5C%226987288264695354%5C%22%3A111%7D%7D%22%2C%22ftmd_400706%22%3A%22111112l%22%7D&__tn__=!%3AD
52,2010,Honda,civic,5000,234000,https://www.facebook.com/marketplace/item/659040286425491/?ref=category_feed&referral_code=undefined&referral_story_type=listing&tracking=%7B%22qid%22%3A%22-2512171103327525019%22%2C%22mf_story_key%22%3A%227547300155281495%22%2C%22commerce_rank_obj%22%3A%22%7B%5C%22target_id%5C%22%3A7547300155281495%2C%5C%22target_type%5C%22%3A0%2C%5C%22primary_position%5C%22%3A53%2C%5C%22ranking_signature%5C%22%3A1634236653455485191%2C%5C%22commerce_channel%5C%22%3A504%2C%5C%22value%5C%22%3A0.0019264157037974%2C%5C%22candidate_retrieval_source_map%5C%22%3A%7B%5C%227547300155281495%5C%22%3A111%7D%7D%22%2C%22ftmd_400706%22%3A%22111112l%22%7D&__tn__=!%3AD
53,2008,Honda,civic,6900,240000,https://www.facebook.com/marketplace/item/721025209762068/?ref=category_feed&referral_code=undefined&referral_story_type=listing&tracking=%7B%22qid%22%3A%22-2512171103327525019%22%2C%22mf_story_key%22%3A%2224541406878836547%22%2C%22commerce_rank_obj%22%3A%22%7B%5C%22target_id%5C%22%3A24541406878836547%2C%5C%22target_type%5C%22%3A0%2C%5C%22primary_position%5C%22%3A54%2C%5C%22ranking_signature%5C%22%3A1634236653455485191%2C%5C%22commerce_channel%5C%22%3A504%2C%5C%22value%5C%22%3A0.0033943478721243%2C%5C%22candidate_retrieval_source_map%5C%22%3A%7B%5C%2224541406878836547%5C%22%3A111%7D%7D%22%2C%22ftmd_400706%22%3A%22111112l%22%7D&__tn__=!%3AD
54,2007,Honda,civic,6400,270000,https://www.facebook.com/marketplace/item/3688223491456505/?ref=category_feed&referral_code=undefined&referral_story_type=listing&tracking=%7B%22qid%22%3A%22-2512170828398119376%22%2C%22mf_story_key%22%3A%227149155031841628%22%2C%22commerce_rank_obj%22%3A%22%7B%5C%22target_id%5C%22%3A7149155031841628%2C%5C%22target_type%5C%22%3A0%2C%5C%22primary_position%5C%22%3A55%2C%5C%22ranking_signature%5C%22%3A1634236653455485191%2C%5C%22commerce_channel%5C%22%3A504%2C%5C%22value%5C%22%3A0.0022088539757989%2C%5C%22candidate_retrieval_source_map%5C%22%3A%7B%5C%227149155031841628%5C%22%3A111%7D%7D%22%2C%22ftmd_400706%22%3A%22111112l%22%7D&__tn__=!%3AD
55,2008,Honda,civic,3500,325000,https://www.facebook.com/marketplace/item/1161977804769049/?ref=category_feed&referral_code=undefined&referral_story_type=listing&tracking=%7B%22qid%22%3A%22-2512170828398119376%22%2C%22mf_story_key%22%3A%227098493390235470%22%2C%22commerce_rank_obj%22%3A%22%7B%5C%22target_id%5C%22%3A7098493390235470%2C%5C%22target_type%5C%22%3A0%2C%5C%22primary_position%5C%22%3A56%2C%5C%22ranking_signature%5C%22%3A1634236653455485191%2C%5C%22commerce_channel%5C%22%3A504%2C%5C%22value%5C%22%3A0.0032959269201188%2C%5C%22candidate_retrieval_source_map%5C%22%3A%7B%5C%227098493390235470%5C%22%3A111%7D%7D%22%2C%22ftmd_400706%22%3A%22111112l%22%7D&__tn__=!%3AD
56,2007,Honda,civic,3700,238000,https://www.facebook.com/marketplace/item/354182523998134/?ref=category_feed&referral_code=undefined&referral_story_type=listing&tracking=%7B%22qid%22%3A%22-2512170828398119376%22%2C%22mf_story_key%22%3A%2224533371962943930%22%2C%22commerce_rank_obj%22%3A%22%7B%5C%22target_id%5C%22%3A24533371962943930%2C%5C%22target_type%5C%22%3A0%2C%5C%22primary_position%5C%22%3A57%2C%5C%22ranking_signature%5C%22%3A1634236653455485191%2C%5C%22commerce_channel%5C%22%3A504%2C%5C%22value%5C%22%3A0.003403989961302%2C%5C%22candidate_retrieval_source_map%5C%22%3A%7B%5C%2224533371962943930%5C%22%3A111%7D%7D%22%2C%22ftmd_400706%22%3A%22111112l%22%7D&__tn__=!%3AD
57,2010,Honda,civic,8500,172000,https://www.facebook.com/marketplace/item/1547342882680687/?ref=category_feed&referral_code=undefined&referral_story_type=listing&tracking=%7B%22qid%22%3A%22-2512170828398119376%22%2C%22mf_story_key%22%3A%226947383945330171%22%2C%22commerce_rank_obj%22%3A%22%7B%5C%22target_id%5C%22%3A6947383945330171%2C%5C%22target_type%5C%22%3A0%2C%5C%22primary_position%5C%22%3A58%2C%5C%22ranking_signature%5C%22%3A1634236653455485191%2C%5C%22commerce_channel%5C%22%3A504%2C%5C%22value%5C%22%3A0.0025138986012341%2C%5C%22candidate_retrieval_source_map%5C%22%3A%7B%5C%226947383945330171%5C%22%3A111%7D%7D%22%2C%22ftmd_400706%22%3A%22111112l%22%7D&__tn__=!%3AD
58,2008,Honda,civic,4650,200000,https://www.facebook.com/marketplace/item/1307790503264821/?ref=category_feed&referral_code=undefined&referral_story_type=listing&tracking=%7B%22qid%22%3A%22-2512170828398119376%22%2C%22mf_story_key%22%3A%2224366889542957471%22%2C%22commerce_rank_obj%22%3A%22%7B%5C%22target_id%5C%22%3A24366889542957471%2C%5C%22target_type%5C%22%3A0%2C%5C%22primary_position%5C%22%3A59%2C%5C%22ranking_signature%5C%22%3A1634236653455485191%2C%5C%22commerce_channel%5C%22%3A504%2C%5C%22value%5C%22%3A0.0057429604082303%2C%5C%22candidate_retrieval_source_map%5C%22%3A%7B%5C%2224366889542957471%5C%22%3A111%7D%7D%22%2C%22ftmd_400706%22%3A%22111112l%22%7D&__tn__=!%3AD
59,2007,Honda,civic,6700,245000,https://www.facebook.com/marketplace/item/687223499910474/?ref=category_feed&referral_code=undefined&referral_story_type=listing&tracking=%7B%22qid%22%3A%22-2512170828398119376%22%2C%22mf_story_key%22%3A%226372008866233483%22%2C%22commerce_rank_obj%22%3A%22%7B%5C%22target_id%5C%22%3A6372008866233483%2C%5C%22target_type%5C%22%3A0%2C%5C%22primary_position%5C%22%3A60%2C%5C%22ranking_signature%5C%22%3A1634236653455485191%2C%5C%22commerce_channel%5C%22%3A504%2C%5C%22value%5C%22%3A0.0024078583052893%2C%5C%22candidate_retrieval_source_map%5C%22%3A%7B%5C%226372008866233483%5C%22%3A111%7D%7D%22%2C%22ftmd_400706%22%3A%22111112l%22%7D&__tn__=!%3AD
60,2006,Honda,civic,6600,190000,https://www.facebook.com/marketplace/item/1012804709807577/?ref=category_feed&referral_code=undefined&referral_story_type=listing&tracking=%7B%22qid%22%3A%22-2512170828398119376%22%2C%22mf_story_key%22%3A%226936038059784156%22%2C%22commerce_rank_obj%22%3A%22%7B%5C%22target_id%5C%22%3A6936038059784156%2C%5C%22target_type%5C%22%3A0%2C%5C%22primary_position%5C%22%3A61%2C%5C%22ranking_signature%5C%22%3A1634236653455485191%2C%5C%22commerce_channel%5C%22%3A504%2C%5C%22value%5C%22%3A0.0015349115106554%2C%5C%22candidate_retrieval_source_map%5C%22%3A%7B%5C%226936038059784156%5C%22%3A111%7D%7D%22%2C%22ftmd_400706%22%3A%22111112l%22%7D&__tn__=!%3AD
61,2010,Honda,civic,7499,197000,https://www.facebook.com/marketplace/item/764322662394873/?ref=category_feed&referral_code=undefined&referral_story_type=listing&tracking=%7B%22qid%22%3A%22-2512170828398119376%22%2C%22mf_story_key%22%3A%2224245012418475529%22%2C%22commerce_rank_obj%22%3A%22%7B%5C%22target_id%5C%22%3A24245012418475529%2C%5C%22target_type%5C%22%3A0%2C%5C%22primary_position%5C%22%3A62%2C%5C%22ranking_signature%5C%22%3A1634236653455485191%2C%5C%22commerce_channel%5C%22%3A504%2C%5C%22value%5C%22%3A0.0013941712758135%2C%5C%22candidate_retrieval_source_map%5C%22%3A%7B%5C%2224245012418475529%5C%22%3A111%7D%7D%22%2C%22ftmd_400706%22%3A%22111112l%22%7D&__tn__=!%3AD
62,2006,Honda,civic,7499,178000,https://www.facebook.com/marketplace/item/299437909757427/?ref=category_feed&referral_code=undefined&referral_story_type=listing&tracking=%7B%22qid%22%3A%22-2512170828398119376%22%2C%22mf_story_key%22%3A%227173242399432224%22%2C%22commerce_rank_obj%22%3A%22%7B%5C%22target_id%5C%22%3A7173242399432224%2C%5C%22target_type%5C%22%3A0%2C%5C%22primary_position%5C%22%3A63%2C%5C%22ranking_signature%5C%22%3A1634236653455485191%2C%5C%22commerce_channel%5C%22%3A504%2C%5C%22value%5C%22%3A0.0019304422004718%2C%5C%22candidate_retrieval_source_map%5C%22%3A%7B%5C%227173242399432224%5C%22%3A111%7D%7D%22%2C%22ftmd_400706%22%3A%22111112l%22%7D&__tn__=!%3AD
63,2008,Honda,civic,5499,276000,https://www.facebook.com/marketplace/item/741773860668823/?ref=category_feed&referral_code=undefined&referral_story_type=listing&tracking=%7B%22qid%22%3A%22-2512170828398119376%22%2C%22mf_story_key%22%3A%227068920859851438%22%2C%22commerce_rank_obj%22%3A%22%7B%5C%22target_id%5C%22%3A7068920859851438%2C%5C%22target_type%5C%22%3A0%2C%5C%22primary_position%5C%22%3A64%2C%5C%22ranking_signature%5C%22%3A1634236653455485191%2C%5C%22commerce_channel%5C%22%3A504%2C%5C%22value%5C%22%3A0.0013581855582508%2C%5C%22candidate_retrieval_source_map%5C%22%3A%7B%5C%227068920859851438%5C%22%3A111%7D%7D%22%2C%22ftmd_400706%22%3A%22111112l%22%7D&__tn__=!%3AD
64,2006,Honda,civic,4500,241000,https://www.facebook.com/marketplace/item/750313463796439/?ref=category_feed&referral_code=undefined&referral_story_type=listing&tracking=%7B%22qid%22%3A%22-2512170759729555299%22%2C%22mf_story_key%22%3A%226537160836388335%22%2C%22commerce_rank_obj%22%3A%22%7B%5C%22target_id%5C%22%3A6537160836388335%2C%5C%22target_type%5C%22%3A0%2C%5C%22primary_position%5C%22%3A65%2C%5C%22ranking_signature%5C%22%3A1634236653455485191%2C%5C%22commerce_channel%5C%22%3A504%2C%5C%22value%5C%22%3A0.0032752742919278%2C%5C%22candidate_retrieval_source_map%5C%22%3A%7B%5C%226537160836388335%5C%22%3A111%7D%7D%22%2C%22ftmd_400706%22%3A%22111112l%22%7D&__tn__=!%3AD
65,2009,Honda,civic,6500,248000,https://www.facebook.com/marketplace/item/805365344933563/?ref=category_feed&referral_code=undefined&referral_story_type=listing&tracking=%7B%22qid%22%3A%22-2512170759729555299%22%2C%22mf_story_key%22%3A%226956864137742762%22%2C%22commerce_rank_obj%22%3A%22%7B%5C%22target_id%5C%22%3A6956864137742762%2C%5C%22target_type%5C%22%3A0%2C%5C%22primary_position%5C%22%3A66%2C%5C%22ranking_signature%5C%22%3A1634236653455485191%2C%5C%22commerce_channel%5C%22%3A504%2C%5C%22value%5C%22%3A0.0031913124971742%2C%5C%22candidate_retrieval_source_map%5C%22%3A%7B%5C%226956864137742762%5C%22%3A111%7D%7D%22%2C%22ftmd_400706%22%3A%22111112l%22%7D&__tn__=!%3AD
66,2010,Honda,civic,5000,220000,https://www.facebook.com/marketplace/item/1651276925399933/?ref=category_feed&referral_code=undefined&referral_story_type=listing&tracking=%7B%22qid%22%3A%22-2512170759729555299%22%2C%22mf_story_key%22%3A%226766203430100880%22%2C%22commerce_rank_obj%22%3A%22%7B%5C%22target_id%5C%22%3A6766203430100880%2C%5C%22target_type%5C%22%3A0%2C%5C%22primary_position%5C%22%3A67%2C%5C%22ranking_signature%5C%22%3A1634236653455485191%2C%5C%22commerce_channel%5C%22%3A504%2C%5C%22value%5C%22%3A0.0040717830558315%2C%5C%22candidate_retrieval_source_map%5C%22%3A%7B%5C%226766203430100880%5C%22%3A111%7D%7D%22%2C%22ftmd_400706%22%3A%22111112l%22%7D&__tn__=!%3AD
67,2006,Honda,civic,7800,178000,https://www.facebook.com/marketplace/item/379638447843299/?ref=category_feed&referral_code=undefined&referral_story_type=listing&tracking=%7B%22qid%22%3A%22-2512170759729555299%22%2C%22mf_story_key%22%3A%227203385333029600%22%2C%22commerce_rank_obj%22%3A%22%7B%5C%22target_id%5C%22%3A7203385333029600%2C%5C%22target_type%5C%22%3A0%2C%5C%22primary_position%5C%22%3A68%2C%5C%22ranking_signature%5C%22%3A1634236653455485191%2C%5C%22commerce_channel%5C%22%3A504%2C%5C%22value%5C%22%3A0.001464997622544%2C%5C%22candidate_retrieval_source_map%5C%22%3A%7B%5C%227203385333029600%5C%22%3A111%7D%7D%22%2C%22ftmd_400706%22%3A%22111112l%22%7D&__tn__=!%3AD
69,2010,Honda,civic,6500,240000,https://www.facebook.com/marketplace/item/1770094853416912/?ref=category_feed&referral_code=undefined&referral_story_type=listing&tracking=%7B%22qid%22%3A%22-2512170759729555299%22%2C%22mf_story_key%22%3A%226811361532288536%22%2C%22commerce_rank_obj%22%3A%22%7B%5C%22target_id%5C%22%3A6811361532288536%2C%5C%22target_type%5C%22%3A0%2C%5C%22primary_position%5C%22%3A70%2C%5C%22ranking_signature%5C%22%3A1634236653455485191%2C%5C%22commerce_channel%5C%22%3A504%2C%5C%22value%5C%22%3A0.0040717850558315%2C%5C%22candidate_retrieval_source_map%5C%22%3A%7B%5C%226811361532288536%5C%22%3A111%7D%7D%22%2C%22ftmd_400706%22%3A%22111112l%22%7D&__tn__=!%3AD
70,2009,Honda,civic,8000,240000,https://www.facebook.com/marketplace/item/725147769085844/?ref=category_feed&referral_code=undefined&referral_story_type=listing&tracking=%7B%22qid%22%3A%22-2512170759729555299%22%2C%22mf_story_key%22%3A%226981415818586597%22%2C%22commerce_rank_obj%22%3A%22%7B%5C%22target_id%5C%22%3A6981415818586597%2C%5C%22target_type%5C%22%3A0%2C%5C%22primary_position%5C%22%3A71%2C%5C%22ranking_signature%5C%22%3A1634236653455485191%2C%5C%22commerce_channel%5C%22%3A504%2C%5C%22value%5C%22%3A0.0013425172475308%2C%5C%22candidate_retrieval_source_map%5C%22%3A%7B%5C%226981415818586597%5C%22%3A111%7D%7D%22%2C%22ftmd_400706%22%3A%22111112l%22%7D&__tn__=!%3AD
71,2007,Honda,civic,7488,127000,https://www.facebook.com/marketplace/item/845082454065617/?ref=category_feed&referral_code=undefined&referral_story_type=listing&tracking=%7B%22qid%22%3A%22-2512170759729555299%22%2C%22mf_story_key%22%3A%226923011271117817%22%2C%22commerce_rank_obj%22%3A%22%7B%5C%22target_id%5C%22%3A6923011271117817%2C%5C%22target_type%5C%22%3A0%2C%5C%22primary_position%5C%22%3A72%2C%5C%22ranking_signature%5C%22%3A1634236653455485191%2C%5C%22commerce_channel%5C%22%3A504%2C%5C%22value%5C%22%3A0.0026801593805296%2C%5C%22candidate_retrieval_source_map%5C%22%3A%7B%5C%226923011271117817%5C%22%3A111%7D%7D%22%2C%22ftmd_400706%22%3A%22111112l%22%7D&__tn__=!%3AD
72,2006,Honda,civic,6600,190000,https://www.facebook.com/marketplace/item/3753511941638970/?ref=category_feed&referral_code=undefined&referral_story_type=listing&tracking=%7B%22qid%22%3A%22-2512170759729555299%22%2C%22mf_story_key%22%3A%226543567985753336%22%2C%22commerce_rank_obj%22%3A%22%7B%5C%22target_id%5C%22%3A6543567985753336%2C%5C%22target_type%5C%22%3A0%2C%5C%22primary_position%5C%22%3A73%2C%5C%22ranking_signature%5C%22%3A1634236653455485191%2C%5C%22commerce_channel%5C%22%3A504%2C%5C%22value%5C%22%3A0.001714207100828%2C%5C%22candidate_retrieval_source_map%5C%22%3A%7B%5C%226543567985753336%5C%22%3A111%7D%7D%22%2C%22ftmd_400706%22%3A%22111112l%22%7D&__tn__=!%3AD
73,2008,Honda,civic,5000,170000,https://www.facebook.com/marketplace/item/197233833438119/?ref=category_feed&referral_code=undefined&referral_story_type=listing&tracking=%7B%22qid%22%3A%22-2512170759729555299%22%2C%22mf_story_key%22%3A%226822142321211657%22%2C%22commerce_rank_obj%22%3A%22%7B%5C%22target_id%5C%22%3A6822142321211657%2C%5C%22target_type%5C%22%3A0%2C%5C%22primary_position%5C%22%3A74%2C%5C%22ranking_signature%5C%22%3A1634236653455485191%2C%5C%22commerce_channel%5C%22%3A504%2C%5C%22value%5C%22%3A0.0040717870558315%2C%5C%22candidate_retrieval_source_map%5C%22%3A%7B%5C%226822142321211657%5C%22%3A111%7D%7D%22%2C%22ftmd_400706%22%3A%22111112l%22%7D&__tn__=!%3AD
